claim_id,claim,source_url,source_title,publisher_or_author,source_type,publication_date,event_or_data_date,retrieved_at,access_level,locator,evidence_summary,relationship_to_claim,limitations,claim_status,conclusion_or_follow_up
C001,NOAA publishes annual versioned Storm Events bulk files,https://www.ncei.noaa.gov/pub/data/swdi/stormevents/csvfiles/,Storm Events CSV directory,NOAA NCEI,official data directory,,1950 through partial 2026,2026-09-20,full text,directory and retrieved CSV files,Annual details filenames contain event year and creation date,supports,Historical files may be revised,verified,Store snapshots and select latest imported revision
C002,NOAA tornado dimensions can refer to a segment,https://www.ncei.noaa.gov/pub/data/swdi/stormevents/csvfiles/Storm-Data-Bulk-csv-Format.pdf,Storm Data bulk CSV format,NOAA NCEI,official format documentation,,,2026-09-20,full extracted text,TOR_LENGTH and TOR_WIDTH descriptions,Descriptions explicitly allow tornado or tornado segment,supports,Source record count is not a count of unique tornadoes,verified,Keep source records separate from curated exhibits
C003,NOAA bulk format guide has a suspect EF wind table,https://www.ncei.noaa.gov/pub/data/swdi/stormevents/csvfiles/Storm-Data-Bulk-csv-Format.pdf,Storm Data bulk CSV format,NOAA NCEI,official format documentation,,,2026-09-20,full extracted text,TOR_F_SCALE section,Table labels categories EF but gives values inconsistent with current NWS EF guidance,conflicts,This does not establish that the underlying category records are wrong,documented discrepancy,Do not derive wind speed from that table
C003,EF categories are damage-based wind estimates,https://www.weather.gov/oun/efscale,The Enhanced Fujita Scale,NWS Norman,official explanation,,,2026-09-20,full text,EF scale table and notes,Explains estimated three-second gusts and EF category ranges,supports,Category does not establish actual measured wind or funnel appearance,verified,Keep rating separate from measured wind and visual dimensions
C004,JMA catalogue includes several kinds of gust phenomena,https://www.data.jma.go.jp/stats/data/bosai/tornado/data/datafmt.csv,Tornado gust CSV format,Japan Meteorological Agency,official format CSV,,,2026-09-20,downloaded and inspected,phenomenon classification codes,Code 1 is tornado and other codes include downburst and uncertain combinations,supports,Current catalogue has not been normalized by this project,verified,Build dedicated classification and sentinel handling
C005,JMA content reuse requires attribution and labeling modifications,https://www.jma.go.jp/jma/kishou/info/coment.html,About the JMA website,Japan Meteorological Agency,official terms,,,2026-09-20,full text,terms and attribution sections,Identifies public data terms attribution and modification notices,supports,Exceptions apply and linked full public data terms need publication review,verified with scope limit,Review applicable terms and media rights before publication
C006,International Fujita ratings should retain their original scale,https://www.essl.org/cms/research-projects/international-fujita-scale/,International Fujita Scale,European Severe Storms Laboratory,official scale documentation,2023,,2026-09-20,full text,scale rationale and transition,Discusses differences in wind definitions and handling of older ratings,supports,Not a universal conversion table between scales,verified,Preserve F EF IF JEF and TORRO identities
C007,El Reno has substantial official material for a possible exhibit,https://www.weather.gov/oun/events-20130531,May 31 2013 tornado and flash flood event,NWS Norman,official event account,,2013-05-31,2026-09-20,full text,event maps photographs and account,Provides event chronology maps and discussion of radar and damage,supports,Appearance reconstruction and photograph rights remain unreviewed,verified source availability,First geographic exhibit implemented using published KMZ; shot registration still needed
C008,Northern Eurasia has a research catalogue spanning historical records,https://journals.ametsoc.org/view/journals/mwre/148/8/mwrD190251.xml,Tornadoes in Northern Eurasia From the Middle Age to the Information Era,Monthly Weather Review,research paper,2020,10th century through 2016,2026-09-20,search excerpt only,abstract summary,Potential source for former USSR region and historical uncertainty,supports,Full article access returned 403 and dataset reuse not checked,lead only,Locate accessible authorized data and verify terms before import
C009,NWS El Reno KMZ contains timed center positions,https://www.weather.gov/source/oun/wxevents/20130531/gis/ElRenoTornadoPath_final.kmz,El Reno tornado path KMZ,NWS Norman,official geographic data,,2013-05-31,2026-09-20,downloaded and parsed,doc.kml placemarks,39 point labels plus one path and one polygon; XML time order needs sorting,supports,No per-position error bounds supplied; AM/PM and time zone inferred from accompanying chronology,verified file structure,Preserve original bytes and geographic sequences; show discrete positions
C010,A caption differs from the final rating description,https://www.youtube.com/watch?v=Q7X3fyId2U0,El Reno 2013 video,Pecos Hank,creator video and captions,,2013-05-31,2026-09-20,description partial captions and sampled stills,caption near 5:43 and expanded description,Caption says EF5 while current description says EF3,supports,Caption text was read; audio was not independently checked,documented discrepancy,Use final official rating; review historical correction context
C011,Swegle glowing tornado video covers Blackwell 1955,https://www.youtube.com/watch?v=8FYe-qjACPk,The Night a Tornado Started Glowing,Swegle Studios,creator watch page,,1955,2026-09-20,visible description,description opening,Description identifies 1955 Blackwell Oklahoma,supports,No full video review or physical mechanism validation,verified subject only,Pair with historical accounts and the TornadoTRX lead
C012,El Reno end times differ across source components,https://www.weather.gov/oun/events-20130531,El Reno event account and tornado table,NWS Norman,official event account,,2013-05-31,2026-09-20,full text and local NCEI record,event narrative versus tabulated end time,Narrative gives 6:42 PM CDT; table and NCEI 453682 give equivalent of 6:44 PM CDT,supports,Unresolved source discrepancy,documented discrepancy,Retain both endings; geographic timeline ends at its final 6:42 label
C013,NWS distinguishes government data from licensed third-party imagery,https://www.weather.gov/disclaimer,Disclaimer and use of data,National Weather Service,official terms,,,2026-09-20,full text,Use of NOAA/NWS Data and Products; mapping data,Original government data generally public domain; third-party material may differ,supports,Do not imply endorsement or label modifications as official,verified with scope limit,Attribute original geometry and label this independent adaptation
C014,Natural Earth permits redistribution and adaptation of its map data,https://www.naturalearthdata.com/about/terms-of-use/,Terms of Use,Natural Earth,official terms,,,2026-09-20,full text,public domain declaration,Vector and raster map data are public domain,supports,Modern boundaries do not describe historical jurisdiction,verified with scope limit,Preserve geometry and provenance; reduce attributes to display name
C015,El Reno research has used registered multi-view chaser imagery,https://ams.confex.com/ams/27SLS/webprogram/Paper254094.html,El Reno Survey Project conference abstract,Seimon and colleagues,primary conference abstract,2014-11-06,2013-05-31,2026-09-20,full abstract,methods paragraph,Describes fixing imagery time and location before combining synchronous perspectives,supports,Presentation not reviewed and our video samples remain unregistered,verified methodological precedent,Use explicit shot locators and unresolved camera/time fields
C016,A later paper develops the El Reno imagery collation method,https://journals.ametsoc.org/view/journals/bams/97/11/bams-d-15-00174.1.xml,Crowdsourcing the El Reno 2013 Tornado,Bulletin of the American Meteorological Society,research paper,2016-11-01,2013-05-31,2026-09-20,search-indexed excerpts only,indexed method excerpts,Discusses timing and location registration of contributed imagery,supports,Direct article access returned 403; survey website timed out,lead with access limit,Obtain authorized full text before claiming its complete method is implemented
C017,Joplin source segments use locality names distinct from the common event name,https://www.ncei.noaa.gov/pub/data/swdi/stormevents/csvfiles/StormEvents_details-ftp_v1.0_d2011_c20260323.csv.gz,Storm Events 2011 revision 20260323,NOAA NCEI,official records,,2011-05-22,2026-09-20,downloaded records read,EVENT_ID 296617 and 296620,Central City narrative names Joplin; Saginaw narrative identifies its continuation,supports,Two reviewed aliases do not establish a complete grouping of the tornado,verified record relationship,Keep EF5 Jasper and EF2 Newton segment ratings separate
